path	bytes	sha256
RECIPE.md	7732	5488ea0b0ecae42e7f192283d93fe565089f7aac24ffe08ed52fb49935b7cc84
inputs/work/ada-cosim-alignment-20260922-r1/gddr-full-p2-r1/plan.json	2429536	4c34da34eae1e1ed90d7e22fd9836ec12f68766863e103913ef666f5fb49a3cf
inputs/work/ada-cosim-alignment-20260922-r1/gddr-review-r1/observed-gpu0-p2-r2/rtx4000-ada-observed-p2.cfg	4307	512a37d69f6e738e468e0146030bd94d784ece6cc46f6529ec4de019bd46fcdb
inputs/work/tilegen-cycle-overlap-r1/selected.cfg	3578	b0b1098dd31828b92c11a8ec9d8eca8b61ccae5a2389e1f8612aba967a41a1ca
inputs/work/tilegen-full-r1/canonical-gemm-p28-address-r1/plan.json	445656	85663a65990f1f78e622c840ba7da04f2e467a70491440fc6c6d8e5073cdb8c3
inputs/work/tilegen-full-r1/canonical-prefill-gemm-next-address-r1/roles/down/plan.json	460281	fc9dab259fc0e91a69853cc40174866c5224f00cc8430782bb9c267f30255609
inputs/work/tilegen-full-r1/canonical-prefill-gemm-next-address-r1/roles/gate/plan.json	460939	b326a5a73922e4065b76baad985c36b17c48d3e9e1b587ca0eec7413bb123cb6
inputs/work/tilegen-full-r1/canonical-prefill-gemm-next-address-r1/roles/o/plan.json	460048	ac6bb5416cc37fb60fb865efa993722e42d97481d249411b66ac781ceefefdab
inputs/work/tilegen-input-contract-r1/llama-p32-history-capture-r1/current-attention-execution-r1/plan-r2.json	4565070	61027701b3ba393243062a30261e1f5dec365a1fc5fcc1135836bd79e6b618bf
inputs/work/tilegen-input-contract-r1/llama-p32-history-capture-r1/current-controls-execution-r1/prepared-r1/plan.json	142165	b48dbf48f0cafae5606bc3acc83b1ea35200fbe5594c1e4e3aa984f65650ce7f
inputs/work/tilegen-input-contract-r1/llama-p32-history-capture-r1/current-elementwise-bridge-r1/calls.json	1964064	b5da2e5d08fc1c91c29ce36523a4ea11f74a050a49b5f5f13a8d440a24c30960
inputs/work/tilegen-input-contract-r1/llama-p32-history-capture-r1/current-elementwise-bridge-r1/plan.json	5447138	9b631848c872ae5024262dd821bd71986ac2242860c6937801003ea86df84c2b
inputs/work/tilegen-input-contract-r1/llama-p32-history-capture-r1/current-gemm-bridge-r1/prepared-r1/plan.json	1645072	3ad9e5bc3e9576ac8cc976bbce39ff8be96ff5abb2b066f9847fa742946b46c9
inputs/work/tilegen-input-contract-r1/llama-p32-history-capture-r1/current-gemv-bridge-r1/plan.json	2769054	88a09db10ee65098c94f681daf3439b87d8c25a2b831f1c3fff6e61d49cf48d1
inputs/work/tilegen-input-contract-r1/llama-p32-history-capture-r1/current-helpers-execution-r1/prepared-r1/calls.json	128795	dcc9328cf55b65af796588483c389bc49e6951d7d961940b341f61b3f1b6cae6
inputs/work/tilegen-input-contract-r1/llama-p32-history-capture-r1/current-helpers-execution-r1/prepared-r1/plan.json	1126756	1e0f28aefc5a143d1cc05f87de8b85f744e69652cc6dc8033448755d1f1fe829
inputs/work/tilegen-input-contract-r1/llama-p32-history-capture-r1/current-helpers-execution-r1/prepared-r1/source-models.json	26929254	28210692aa1463ceb2ce70693b0d7a584f98805509246284a09d42de5cac7fc8
inputs/work/tilegen-input-contract-r1/llama-p32-history-capture-r1/current-history-registry-r1/assembled-r1/dispatch.json	7231463	a6b6d4758a7dd0d2073629d4984e5d2611cb468e067df1863b47f6400c82c876
inputs/work/tilegen-input-contract-r1/llama-p32-history-capture-r1/current-history-registry-r3/assembled-r1/dispatch.json	8368946	ef883ad675d18761a36d33c6a16f83542965fda7c2d9182a98eee84d4ee0daf7
inputs/work/tilegen-input-contract-r1/llama-p32-history-capture-r1/current-index-copy-execution-r1/prepared-r1/calls.json	10868474	c30a445f893486b58e13c1a8299b9809f6f41036e65fe8393d03c27c65ce6568
inputs/work/tilegen-input-contract-r1/llama-p32-history-capture-r1/current-index-copy-execution-r1/prepared-r1/plan.json	28474	6a5f9837ac2a5a5059275a54fd4686d31bf4a640b168522916cbf3b5e34815cf
inputs/work/tilegen-input-contract-r1/llama-p32-history-capture-r1/current-rotary-execution-r1/prepared-r1/plan.json	2387169	446e896bd55257cb0449bd2d65fb93f15ba09f01f231cfeb7c1b7a30ddff7074
inputs/work/unified-cache-cosim-r1/shared-l2-latest-adoption-r1/candidate/full.input	24009563	fe0140f652d36acd72d4139931f652de75c0bb9031f7d1573d146f2256954ebb
receipts/acceptance-decode-sweep.json	20283	076e8502cad6b11df75fcc38a6980260f055ec79c17c7602e0b128b59fa8a762
receipts/acceptance-prefill-sweep.json	19746	4946b27b3b4fcd23f467b8bc298b7124db28ec0f07b293646aa99de2c416ae6b
receipts/data.json	594481	58eabb56d9f20c9bf6f49589ccaa209ac4468d326ec66fb0618f76b2a6031e19
receipts/minimal-manifest.json	3027	01f8500231bf1160ed2e90d5e9225c1a3fe81daa6f04ff11a888934ae0219766
receipts/pins-manifest.json	300471	65ae0f48eb801611f80fb2676173b28dd16e9f0790e20e6013f7d0a9373f7fc6
receipts/receipt.json	423093	a08c54f06e9cc8766519186f13f25811dfc0da34d571c4fa4929ace05e821534
receipts/report.md	1770	d0430d45e69b21567eb424fc2558184bcbbf1515fefb073299134a8dfa038167
source/work/ada-cosim-alignment-20260922-r1/structure-adapter/ada_address_mapping.h	3756	1dedfe56368be08dd3ba3bdc13690c11c383a8ebb2e25aa60c1d1f4c433d6068
source/work/ada-cosim-alignment-20260922-r1/structure-adapter/config.h	1667	4279af69cd7ce806d5065df1be6726caf235863338c0164e476c0bd466ed9396
source/work/tilegen-input-contract-r1/llama-p32-history-capture-r1/current-attention-execution-r1/bridge.h	6479	4481ed799fc8ec436f12eaa78968f70f5539b1d99daa1ce1cbe4501f017979e9
source/work/tilegen-input-contract-r1/llama-p32-history-capture-r1/current-controls-execution-r1/bridge.h	8310	934e2a51084a21692eb30d826fc8fb5bb9be747183ae577f72f167bcb1b2eae7
source/work/tilegen-input-contract-r1/llama-p32-history-capture-r1/current-controls-tiny-execution-r1/bridge.h	3653	b103d43cad695f7e8e1fcf5416cf21a89dd5287040e0caf14ba16594e00aab38
source/work/tilegen-input-contract-r1/llama-p32-history-capture-r1/current-elementwise-bridge-r1/bridge.h	7701	91a90c84081a1c9c3893dde8152fee447144a987240eea0f55615d54024bcbaf
source/work/tilegen-input-contract-r1/llama-p32-history-capture-r1/current-gemm-bridge-r1/bridge-r2.h	9064	fca3ec9a255eb733ef3a5686773d08c3eb0ddc3db3418a2e49b571e7a348bcc9
source/work/tilegen-input-contract-r1/llama-p32-history-capture-r1/current-gemm-execution-r1/bridge-r2.h	5592	a580bac2c1fea13f00160a8a930005d9a52286247be0aafc322fff82748f755e
source/work/tilegen-input-contract-r1/llama-p32-history-capture-r1/current-gemm-tiny-execution-r1/bridge-r2.h	5325	7837d9636e739a2388ed0a7fc7b3ee93630df1abf3a317c3bd643379f0309811
source/work/tilegen-input-contract-r1/llama-p32-history-capture-r1/current-gemv-bridge-r1/bridge.h	9601	641e1493758ccc9d803ada2331f0ba95cf6acbc3c03be572ae1ee9c0d11ae951
source/work/tilegen-input-contract-r1/llama-p32-history-capture-r1/current-helpers-execution-r1/bridge.h	8315	ff91f76a20f7c0eb6555f5f1be1c8b306e440180015f9efce9bce6d2414aa879
source/work/tilegen-input-contract-r1/llama-p32-history-capture-r1/current-history-execution-r1/api_port-r2.h	4355	d021ef1b24acf8a17c6857e694a969d3442712d03bf67002c886ccb0a154864c
source/work/tilegen-input-contract-r1/llama-p32-history-capture-r1/current-history-execution-r1/fine_dispatch.h	3538	e3e92abcb1aefeea4f1e4e0095969aae8408b4086d60e1000044dbb2bc22467a
source/work/tilegen-input-contract-r1/llama-p32-history-capture-r1/current-history-execution-r1/tiny_dispatch-r2.h	8092	d0e10642b1f58422efd09196ac522b6c961027786bf5098a142c48e3bc023e12
source/work/tilegen-input-contract-r1/llama-p32-history-capture-r1/current-history-loader-r1/catalog.h	14323	db929b25da0bdaa59bc7d4cabc5b565e805e48a6437c6051f2e0ed60936031d6
source/work/tilegen-input-contract-r1/llama-p32-history-capture-r1/current-history-loader-r3/catalog.h	9199	305a51d8e8c356842bb9fbbb9ae734fd23e5b212bd7f57271bee48f3410f2ed4
source/work/tilegen-input-contract-r1/llama-p32-history-capture-r1/current-history-write-attribution-r1/history_attribution.h	1828	0dfdbbb346b72f7b0cd794f47d1c27ded6453a104e32b859df48251826bcc7ca
source/work/tilegen-input-contract-r1/llama-p32-history-capture-r1/current-index-copy-execution-r1/bridge.h	8018	8d8a02fb1970e89a63e8a92d4bfadf4737552754ff2a98410754f2507ad35028
source/work/tilegen-input-contract-r1/llama-p32-history-capture-r1/current-initial-cutlass-execution-r1/bridge.h	6021	ec22f404926ef55dcf57ddbd7a99271997a02a5746e1ef2fb52bfd77d40f8f87
source/work/tilegen-input-contract-r1/llama-p32-history-capture-r1/current-initial-rope-execution-r1/bridge_cat.h	7419	b364e1f104f033f3eb868b9d29e1b659d695f227691e8a187081fed19ab27ee7
source/work/tilegen-input-contract-r1/llama-p32-history-capture-r1/current-initial-rope-execution-r1/bridge_strict.h	7032	fd9ba6bef84d0ed98c6c2352bc94967eee42b3612428400aec507367eb649f95
source/work/tilegen-input-contract-r1/llama-p32-history-capture-r1/current-initial-rope-execution-r1/bridge_summary.h	7080	404a90cd3bd2fac1e4b6280a61915aa88d923e114f1e14d9557d7fe31bcb2fd3
source/work/tilegen-input-contract-r1/llama-p32-history-capture-r1/current-outside-execution-r1/bridge.h	8106	3867eb0e6d232389aa8b2791ec6c66cf03dda1257c6d1e85f63360bf402fc9bb
source/work/tilegen-input-contract-r1/llama-p32-history-capture-r1/current-rotary-execution-r1/bridge.h	5043	0062990432317100c843aa9aa1cf3686a5b6c93b2879030c09b5536cc6155f10
source/work/unified-cache-cosim-r1/shared-l2-latest-adoption-r1/candidate/snapshot/source/cache_profile.h	2357	290c9b6c590b4d131c5cdf58fddab10b64d670f3cbbcc5dff601d0d44517ef60
source/work/unified-cache-cosim-r1/shared-l2-latest-adoption-r1/candidate/snapshot/source/direct_cache.h	10357	b22540db86331561bfc2f7b0fa3a82098f7625435c26bcb228757a8ea1e08f5d
source/work/unified-cache-cosim-r1/shared-l2-latest-adoption-r1/candidate/snapshot/source/direct_native.h	14334	3e4f969dc6ffefb8ef7c251e3c29b4d654b7fadc0ddb6a8ad8ab27c8d19df3f6
source/work/unified-cache-cosim-r1/shared-l2-latest-adoption-r1/candidate/snapshot/source/direct_phase_profile.h	11037	f900695da12c410049214717072a9ae389d66e524a7a6f3c9b50352622a90e1e
source/work/unified-cache-cosim-r1/shared-l2-latest-adoption-r1/candidate/snapshot/source/native_trace.h	13512	d70f51a166b36c4d8cad78cf45ac3fe68820ebfb53cec35a662cb9d3ee2a4453
source/work/unified-cache-cosim-r1/shared-l2-latest-adoption-r1/candidate/snapshot/source/native_typed_identity.h	656	9ec7743fe9881bb9a6800cc41b91fc1dbc2af9fa8f3847fdab22dbab7aace55e
source/work/unified-cache-cosim-r1/shared-l2-latest-adoption-r1/candidate/snapshot/source/work/gddr6-support/delivery-stage/sources/third_party/gtsim-prepared/third_party/nlohmann/json.hpp	919975	9bea4c8066ef4a1c206b2be5a36302f8926f7fdc6087af5d20b417d0cf103ea6
source/work/unified-cache-cosim-r1/shared-l2-latest-adoption-r1/candidate/snapshot/source/work/gddr6-support/hbf_coupling/prepared/directed_time.h	3578	19ded7e38869c90539112e86f277899c757e7934d4230a44a50d3262372ea55e
source/work/unified-cache-cosim-r1/shared-l2-latest-adoption-r1/candidate/snapshot/source/work/hbfsim-latest/upstream/src/app/system_config.hpp	4376	0b6dd8a106b69626ebc82ff95308b7405f798e029e8113ed97b60493044541ff
source/work/unified-cache-cosim-r1/shared-l2-latest-adoption-r1/candidate/snapshot/source/work/hbfsim-latest/upstream/src/host/hbf_config.hpp	10522	d3b63ff8b39e01aceb1a08b0c36b4c41df0b2802071b16f6fa1404cb75ca47f4
source/work/unified-cache-cosim-r1/shared-l2-latest-adoption-r1/candidate/snapshot/source/work/hbfsim-latest/upstream/src/host/hbf_controller.hpp	90278	8dc09d6266598d16c6f1370dc463d2cae11d37b213aea77ef778ffe6742fdc23
source/work/unified-cache-cosim-r1/shared-l2-latest-adoption-r1/candidate/snapshot/source/work/hbfsim-latest/upstream/src/host/hbf_persistent_image.hpp	517	b549ea2ef24026964329738f87846e9ce036a48455c9ca0d74c7895de68e4536
source/work/unified-cache-cosim-r1/shared-l2-latest-adoption-r1/candidate/snapshot/source/work/hbfsim-latest/upstream/src/physical/address_heatmap.hpp	7528	ed782f559c914a3bb9abe92242d69e8e116d5e66572e5d09b4beaa0f8118417f
source/work/unified-cache-cosim-r1/shared-l2-latest-adoption-r1/candidate/snapshot/source/work/hbfsim-latest/upstream/src/physical/base_die_link.hpp	1901	fe6f1117fadcb99f345e937269486d1f91025d262e900b00b4a205436e21475e
source/work/unified-cache-cosim-r1/shared-l2-latest-adoption-r1/candidate/snapshot/source/work/hbfsim-latest/upstream/src/physical/external/cxl_ssd.hpp	5452	e250874eb71bdeaa4fab12ddd285bcaa4ea2b7dcb95a21610a7ed5c973af499f
source/work/unified-cache-cosim-r1/shared-l2-latest-adoption-r1/candidate/snapshot/source/work/hbfsim-latest/upstream/src/physical/external/external_backing_device.hpp	15343	1ec89f1df9005bad19ecd53b3f7713bacd1f2ffe42e947f8a766ec706abb9701
source/work/unified-cache-cosim-r1/shared-l2-latest-adoption-r1/candidate/snapshot/source/work/hbfsim-latest/upstream/src/physical/gap_calendar.hpp	6171	bad943adc9e4631d94c30fa1b51f25c665579e16094d542104729218ebed9670
source/work/unified-cache-cosim-r1/shared-l2-latest-adoption-r1/candidate/snapshot/source/work/hbfsim-latest/upstream/src/physical/hbf/hbf_config.hpp	6058	9241a41f135d49aea00ed50e845ca8c3847c1a8a978aa4b0e8a69af597cf939b
source/work/unified-cache-cosim-r1/shared-l2-latest-adoption-r1/candidate/snapshot/source/work/hbfsim-latest/upstream/src/physical/hbf/hbf_device.hpp	3482	1358813578eb719c405ea4b4da27b794ba17c70a345e7c20a49c0d525544043b
source/work/unified-cache-cosim-r1/shared-l2-latest-adoption-r1/candidate/snapshot/source/work/hbfsim-latest/upstream/src/physical/hbf/hbf_standard.hpp	896	f9a1b25aed6d4a1601e500d35fb27dc5b172070d773760cf97f8f2aeffecb27b
source/work/unified-cache-cosim-r1/shared-l2-latest-adoption-r1/candidate/snapshot/source/work/hbfsim-latest/upstream/src/physical/hbm/hbm_config.hpp	3547	f7e233096b3efad2cfa2c2dd8f58e0e1bf3a2b783e19469d4256a6fec97e5d5e
source/work/unified-cache-cosim-r1/shared-l2-latest-adoption-r1/candidate/snapshot/source/work/hbfsim-latest/upstream/src/physical/hbm/hbm_device.hpp	21599	ba20fc2f59e40434b0ec622dffe79acfa77881cd65c9b63629a3b41ea0d817e9
source/work/unified-cache-cosim-r1/shared-l2-latest-adoption-r1/candidate/snapshot/source/work/hbfsim-latest/upstream/src/physical/physical_types.hpp	12537	e91bb6097d86582aa44fbd4561cf4cf22327e8b74bd778e786861abd9ede6337
source/work/unified-cache-cosim-r1/shared-l2-latest-adoption-r1/candidate/snapshot/source/work/hbfsim-latest/upstream/src/physical/resource_calendar.hpp	5256	96556c2bfd0ed394f7718272047afe501ab8d3557772cd1afe6e64e5e0603449
source/work/unified-cache-cosim-r1/shared-l2-latest-adoption-r1/candidate/snapshot/source/work/hbfsim-latest/upstream/src/physical/simulation_session.hpp	16098	edb47687ba947a4c73097480129e918e7f8cdb4f0fd2f715528fbcf052951a0a
source/work/unified-cache-cosim-r1/shared-l2-latest-adoption-r1/candidate/snapshot/source/work/tilegen-evaluation-r1/driver/backend_reporting.h	8380	9432f90a4ba44dd212d4aaebd9e70f7ebddedbe2733f62f3bb775561d368e092
source/work/unified-cache-cosim-r1/shared-l2-latest-adoption-r1/candidate/snapshot/source/work/tilegen-full-r1/canonical-full-runtime-r4/attention_support.h	5330	b2a1a1063da9462480c405eea1fc8b5f3e7cd91f08417d69e77022007b89807e
source/work/unified-cache-cosim-r1/shared-l2-latest-adoption-r1/candidate/snapshot/source/work/tilegen-full-r1/canonical-full-runtime-r4/frame_bridge.h	4269	0f754902660febdad7e2b9c3eb2167782e6f6cc39f5c40741ca7c2d87e633830
source/work/unified-cache-cosim-r1/shared-l2-latest-adoption-r1/candidate/snapshot/source/work/tilegen-full-r1/canonical-full-runtime-r4/helper_class_gate.h	6617	833c2aa7aa582445f1c2e945da43eec712dbf0d6cc38078014f82ec63c4c0d9e
source/work/unified-cache-cosim-r1/shared-l2-latest-adoption-r1/candidate/snapshot/source/work/tilegen-full-r1/canonical-full-runtime-r4/helper_support.h	15290	4db736b32d88f230e3fa432db99cb16562f9614d9b3e10b660d896a3b50e0488
source/work/unified-cache-cosim-r1/shared-l2-latest-adoption-r1/candidate/snapshot/source/work/tilegen-full-r1/canonical-full-runtime-r4/legacy_prepared.h	3823	3a6e131280fa3a67b04f003583e4218634b74f9449db6f4c83b844cd96d73c2d
source/work/unified-cache-cosim-r1/shared-l2-latest-adoption-r1/candidate/snapshot/source/work/tilegen-full-r1/canonical-full-runtime-r4/model_dispatch.h	17456	86ec0c1b4d2c6cf50cbd6a4e83acfa6c0be7ebe20e06e3f290acedadf43ac5d4
source/work/unified-cache-cosim-r1/shared-l2-latest-adoption-r1/candidate/snapshot/source/work/tilegen-full-r1/canonical-full-runtime-r4/sealed_inputs.h	399446	29c41aba4320d9d6e795ee957fb5e5e05609b2697fc355811d558e2d83fc95c9
source/work/unified-cache-cosim-r1/shared-l2-latest-adoption-r1/candidate/snapshot/source/work/tilegen-full-r1/canonical-full-runtime-r4/streaming.cpp	51435	f2093d117825c5dd37b27caccf4cc68459b038b1695bd7309e9962aa8a0239e6
source/work/unified-cache-cosim-r1/shared-l2-latest-adoption-r1/candidate/snapshot/source/work/tilegen-full-r1/canonical-fusednorm-driver-r1/model_plan.h	8776	9e3ca30e1cf20ad3811c33d17967dbcbfb47392d3e10a773646960504129eb9f
source/work/unified-cache-cosim-r1/shared-l2-latest-adoption-r1/candidate/snapshot/source/work/tilegen-full-r1/canonical-fusednorm-driver-r1/modeled_builder.h	3471	00cdeb37c566ea1264b91b42dd482ebe552e2ece96955488a182202302a1057f
source/work/unified-cache-cosim-r1/shared-l2-latest-adoption-r1/candidate/snapshot/source/work/tilegen-full-r1/canonical-fusednorm-driver-r1/sealed_inputs.h	5235	20009af6159f671be927c80e36205d34ab9ad06e18742afdce0854c3af0d1288
source/work/unified-cache-cosim-r1/shared-l2-latest-adoption-r1/candidate/snapshot/source/work/tilegen-full-r1/canonical-gemv-driver-r2/model_plan.h	8058	0385b93c436d637388c76b64e62309a6b1866a504dbfdb523956d0a151e99a11
source/work/unified-cache-cosim-r1/shared-l2-latest-adoption-r1/candidate/snapshot/source/work/tilegen-full-r1/canonical-gemv-driver-r2/sealed_inputs.h	11835	9f42a5b783463df432acf07137b72d6e5543455b7f7465ec10205ad7bcebdccf
source/work/unified-cache-cosim-r1/shared-l2-latest-adoption-r1/candidate/snapshot/source/work/tilegen-full-r1/canonical-gemv-host-r2/modeled_builder.h	3465	858f9bb27e05f344572f38aff80ed7908b72cedea700b48a2e664da3a9e9e923
source/work/unified-cache-cosim-r1/shared-l2-latest-adoption-r1/candidate/snapshot/source/work/tilegen-full-r1/canonical-gemv-host-r2/prepared_address.h	1803	f0c27981159978e6b492c2614649867742a557b683f510d878c8aad651aff1ca
source/work/unified-cache-cosim-r1/shared-l2-latest-adoption-r1/candidate/snapshot/source/work/tilegen-full-r1/canonical-gemv-host-r2/prepared_memory.h	3756	73a6261693253eeea9bcbee1dcd8cabcc72d26a9310cf5b9256b6a8272fffcdc
source/work/unified-cache-cosim-r1/shared-l2-latest-adoption-r1/candidate/snapshot/source/work/tilegen-full-r1/canonical-gemv-host-r2/typed_binding.h	8407	aed5161b81f17686fefc18fc9b5f37a7aeaeac6fa2ff323c0ae1cf0d875adb50
source/work/unified-cache-cosim-r1/shared-l2-latest-adoption-r1/candidate/snapshot/source/work/tilegen-full-r1/canonical-indexput-driver-r2/model_plan.h	7067	480c2febb3f5d2739044b9cf9db93cd2f00e2ad7a508e37f6c7f658f61633a45
source/work/unified-cache-cosim-r1/shared-l2-latest-adoption-r1/candidate/snapshot/source/work/tilegen-full-r1/canonical-indexput-driver-r2/modeled_builder.h	5145	2ed970e392ba957eaa9919a9aa0eb273f8b096728324eb6ce143533629655c91
source/work/unified-cache-cosim-r1/shared-l2-latest-adoption-r1/candidate/snapshot/source/work/tilegen-full-r1/canonical-indexput-driver-r2/sealed_inputs.h	10472	96b653f3ce1982c76ee553775b9fe7ac8a3e863f4678cc5555210f42c3907248
source/work/unified-cache-cosim-r1/shared-l2-latest-adoption-r1/candidate/snapshot/source/work/tilegen-full-r1/canonical-indexput-driver-r2/source_adapter.h	6836	c17521d9cd834362bb3c0e91f8a25dea0769a606c21b05f7a1e3a381c2e3ec3c
source/work/unified-cache-cosim-r1/shared-l2-latest-adoption-r1/candidate/snapshot/source/work/tilegen-full-r1/canonical-mixed643-driver-r1/copy_adapter_support.h	2113	72f2797010f246953e7b028abb9d204a8211a868fdd35205a9937762769591ae
source/work/unified-cache-cosim-r1/shared-l2-latest-adoption-r1/candidate/snapshot/source/work/tilegen-full-r1/canonical-mixed643-driver-r1/index_adapter_support.h	2106	dbf13ecd90acfbca659583d5377dfdb6b6926a59b794d1b33f1848ea9f2f1c33
source/work/unified-cache-cosim-r1/shared-l2-latest-adoption-r1/candidate/snapshot/source/work/tilegen-full-r1/canonical-mixed643-driver-r1/mixed_seals.h	2941	9638560e4f24135066a0f4b5de74b55e5af329b6dcf8d878b3d262ab0c96850d
source/work/unified-cache-cosim-r1/shared-l2-latest-adoption-r1/candidate/snapshot/source/work/tilegen-full-r1/canonical-mixed643-driver-r1/model_dispatch.h	9435	df1d883df3e36f9aa21d946243c267e30aa917c737ebc6e0ae83b56d1d8a5105
source/work/unified-cache-cosim-r1/shared-l2-latest-adoption-r1/candidate/snapshot/source/work/tilegen-full-r1/canonical-mixed643-driver-r1/p28_support.h	3089	483e31097b7f78ccfdbd82bffe94c2cec672af0bc166776da88d764e8203f208
source/work/unified-cache-cosim-r1/shared-l2-latest-adoption-r1/candidate/snapshot/source/work/tilegen-full-r1/canonical-mixed643-driver-r1/rotary_class_support.h	155902	37a538cb2850f96f203c3c6d9d23a24b79095d8ace123cce5836370d4ab29515
source/work/unified-cache-cosim-r1/shared-l2-latest-adoption-r1/candidate/snapshot/source/work/tilegen-full-r1/canonical-norm-driver-r1/model_plan.h	8751	b3e3cbdaaabbbd3bc6b52de64862d1ac0478ab9bc7f6b34e3d588d0209c76a9f
source/work/unified-cache-cosim-r1/shared-l2-latest-adoption-r1/candidate/snapshot/source/work/tilegen-full-r1/canonical-norm-driver-r1/modeled_builder.h	3470	d221da9aa3f2d56004e025d49a92dc262851d3ad68a5f26c05c2cbef0a9d394a
source/work/unified-cache-cosim-r1/shared-l2-latest-adoption-r1/candidate/snapshot/source/work/tilegen-full-r1/canonical-norm-driver-r1/sealed_inputs.h	4256	68b30498d4f52d812a2a95d9583289dde85f1a762cf7ce8372cc5703f05ad460
source/work/unified-cache-cosim-r1/shared-l2-latest-adoption-r1/candidate/snapshot/source/work/tilegen-full-r1/canonical-prefillcopy-driver-r1/model_plan.h	6632	18b48de275b3e4cdb1d96af65bcda567ec653f77f9b47a4c2c133148713571bd
source/work/unified-cache-cosim-r1/shared-l2-latest-adoption-r1/candidate/snapshot/source/work/tilegen-full-r1/canonical-prefillcopy-driver-r1/modeled_builder.h	4917	617a8ecca7ee7070efc46584c36f140a4048ed5c90943b6071e6f6011d554b04
source/work/unified-cache-cosim-r1/shared-l2-latest-adoption-r1/candidate/snapshot/source/work/tilegen-full-r1/canonical-prefillcopy-driver-r1/sealed_inputs.h	4529	17dce883a3b6534f4db728c47e77a17ef9cc83ea1649fb4d82271dfa0a03b536
source/work/unified-cache-cosim-r1/shared-l2-latest-adoption-r1/candidate/snapshot/source/work/tilegen-full-r1/canonical-prefillcopy-driver-r1/source_adapter.h	5794	6e8ff0aaf4d78f5d1ca26d88e008bf7e9123ec1640bead2a2079547934ebf5ed
source/work/unified-cache-cosim-r1/shared-l2-latest-adoption-r1/candidate/snapshot/source/work/tilegen-full-r1/canonical-rotary-driver-r1/model_plan.h	7449	ef1940f2a0159ae1a44a618160d0ab125fdaa451dd15317bdae8b5e3419d3ab5
source/work/unified-cache-cosim-r1/shared-l2-latest-adoption-r1/candidate/snapshot/source/work/tilegen-full-r1/canonical-rotary-driver-r1/modeled_builder.h	3458	0a295d6e02bf896b53f5f0b1f6c458864165689c79c2410e19081c62b9609bc7
source/work/unified-cache-cosim-r1/shared-l2-latest-adoption-r1/candidate/snapshot/source/work/tilegen-full-r1/canonical-rotary-driver-r1/sealed_inputs.h	4590	25d6fe3b2f738c538a1cf7888c750301877165e312e27714669598e9bdedd09b
source/work/unified-cache-cosim-r1/shared-l2-latest-adoption-r1/candidate/snapshot/source/work/tilegen-full-r1/canonical-silu-driver-r1/model_plan.h	8981	2c320342e02967352acf1062ad6d41514b312a0cd681b495206c6a49002df743
source/work/unified-cache-cosim-r1/shared-l2-latest-adoption-r1/candidate/snapshot/source/work/tilegen-full-r1/canonical-silu-driver-r1/modeled_builder.h	3180	8d2968c8f9a0482d0b8a691b05978e7491ee68e3ec5c8023b64da8173793c02c
source/work/unified-cache-cosim-r1/shared-l2-latest-adoption-r1/candidate/snapshot/source/work/tilegen-full-r1/canonical-silu-driver-r1/prepared_memory.h	5518	2b5e71795602bc02aa39504de4032d82a731234a84c6e771f8be16bb57f2bedb
source/work/unified-cache-cosim-r1/shared-l2-latest-adoption-r1/candidate/snapshot/source/work/tilegen-full-r1/canonical-silu-driver-r1/sealed_inputs.h	3339	422466c135bdba2e33e2efef48b61e34b53616873e4ee504fb28d3b7f574f786
source/work/unified-cache-cosim-r1/shared-l2-latest-adoption-r1/candidate/snapshot/source/work/tilegen-full-r1/core-native-copy-r2/include/bulk_copy.h	26422	18c592bc52d3a228506565c2723413f61ddcda393d74ab63b031f223becaaab2
source/work/unified-cache-cosim-r1/shared-l2-latest-adoption-r1/candidate/snapshot/source/work/tilegen-full-r1/core-native-copy-r2/include/cache_geometry.h	6591	3f5f4a05b9247df7c12402e6d88e0f226a84ec1cdc1d2db0d772baccfe7b267a
source/work/unified-cache-cosim-r1/shared-l2-latest-adoption-r1/candidate/snapshot/source/work/tilegen-full-r1/core-native-copy-r2/include/cta_graph_store.h	36331	2744b759949319b27a81b186cbb8ed2b91ec57415f02d5c0a2f445c03a0ec18b
source/work/unified-cache-cosim-r1/shared-l2-latest-adoption-r1/candidate/snapshot/source/work/tilegen-full-r1/core-native-copy-r2/include/cta_sparse_slots.h	11613	c5b41229b86c27eacea78b5b1adaf9d1c9ad91a2387a35fb1d5eb482e741b773
source/work/unified-cache-cosim-r1/shared-l2-latest-adoption-r1/candidate/snapshot/source/work/tilegen-full-r1/core-native-copy-r2/include/cta_warp_placement.h	1229	6701357f8b553f85dd5e89a8ce590ca8ccce92f06113d09eaa8299fd44d8944c
source/work/unified-cache-cosim-r1/shared-l2-latest-adoption-r1/candidate/snapshot/source/work/tilegen-full-r1/core-native-copy-r2/include/cycle.h	567	d097deac2c86a7922aa0f9ec87299d8decb7cd18d9556c7146a3c9a1c9e2ff14
source/work/unified-cache-cosim-r1/shared-l2-latest-adoption-r1/candidate/snapshot/source/work/tilegen-full-r1/core-native-copy-r2/include/cycle_overlap.h	11950	31ee18bed6e9ec5fcda38a424e903fea9396b756bc4a06c22f3a6dab05b38a15
source/work/unified-cache-cosim-r1/shared-l2-latest-adoption-r1/candidate/snapshot/source/work/tilegen-full-r1/core-native-copy-r2/include/dag_node.h	21074	b2c6de256a306851ed3e9e4e65227f40920bc7c2a73f55369fa8e3edef43a937
source/work/unified-cache-cosim-r1/shared-l2-latest-adoption-r1/candidate/snapshot/source/work/tilegen-full-r1/core-native-copy-r2/include/dirty_sector_eval.h	4178	48a6a78f91a6dead97dd51a671888f55898ac4f882849abfc213157a0b9dc4bd
source/work/unified-cache-cosim-r1/shared-l2-latest-adoption-r1/candidate/snapshot/source/work/tilegen-full-r1/core-native-copy-r2/include/ef_hit_throttle.h	1165	a9f9a11ccfa19e6f60ccfcc6c450eb5fd05dacf0f47a1ee1b60c879a330a54ae
source/work/unified-cache-cosim-r1/shared-l2-latest-adoption-r1/candidate/snapshot/source/work/tilegen-full-r1/core-native-copy-r2/include/ef_insertion.h	3468	e723b728277715e41777914f6e5a062c1d470722c8753a3eb7bd2464b0dc61b5
source/work/unified-cache-cosim-r1/shared-l2-latest-adoption-r1/candidate/snapshot/source/work/tilegen-full-r1/core-native-copy-r2/include/ef_natural_control.h	1295	9e449bd03c094ec4031749868d5f5879981b15dc648be3a6e7ac657d99ab96f7
source/work/unified-cache-cosim-r1/shared-l2-latest-adoption-r1/candidate/snapshot/source/work/tilegen-full-r1/core-native-copy-r2/include/gate_joint_observer.h	10266	41c9607d03c03b3c85b2cd34b4c38c6bf6409a662f8658552454040a0c6ac981
source/work/unified-cache-cosim-r1/shared-l2-latest-adoption-r1/candidate/snapshot/source/work/tilegen-full-r1/core-native-copy-r2/include/gpu.h	6869	97429c86043b316c9dfba2eed266f55c5146ca81af41af015b4b7610863d9dcd
source/work/unified-cache-cosim-r1/shared-l2-latest-adoption-r1/candidate/snapshot/source/work/tilegen-full-r1/core-native-copy-r2/include/host_issue_certificate.h	683	407f356115039dce7fd4eb9f323b4cccdd87bbecb6bae64810192ca67ee0f95d
source/work/unified-cache-cosim-r1/shared-l2-latest-adoption-r1/candidate/snapshot/source/work/tilegen-full-r1/core-native-copy-r2/include/host_pipeline_front.h	965	e168311c217b73ea3ae03262e9e5b08abb6ed076eaaaa2a9079d4d4421353a89
source/work/unified-cache-cosim-r1/shared-l2-latest-adoption-r1/candidate/snapshot/source/work/tilegen-full-r1/core-native-copy-r2/include/lazy_ready_queue.h	7360	bf1d3c6ef672e822b373b7e895d1d72f18b8ac95ff1b2e6c4eb2b6e694982424
source/work/unified-cache-cosim-r1/shared-l2-latest-adoption-r1/candidate/snapshot/source/work/tilegen-full-r1/core-native-copy-r2/include/memory.h	125314	1933bf4da020ac9a0502d7bea2955c03ff8389bd628f3076ea94e0058ef5d653
source/work/unified-cache-cosim-r1/shared-l2-latest-adoption-r1/candidate/snapshot/source/work/tilegen-full-r1/core-native-copy-r2/include/model_semantics.h	7706	5c023882e4f9afc5400b87bdc855721da6a90605b749ea5aca9700c86a7d5bb4
source/work/unified-cache-cosim-r1/shared-l2-latest-adoption-r1/candidate/snapshot/source/work/tilegen-full-r1/core-native-copy-r2/include/noc.h	16668	7492b96dc52c2df2aef2c84b9977a0c5382b1dc96d2f3c381917148d44054ad3
source/work/unified-cache-cosim-r1/shared-l2-latest-adoption-r1/candidate/snapshot/source/work/tilegen-full-r1/core-native-copy-r2/include/p32_observation.h	6898	4bbe1d4a05413bf3b1d126046a4ec9a204c537a6ef7d302e56ecfdc8bc9d265b
source/work/unified-cache-cosim-r1/shared-l2-latest-adoption-r1/candidate/snapshot/source/work/tilegen-full-r1/core-native-copy-r2/include/p32_request_mask.h	3186	f27a9a65a3e07c00d44f9f0cb85e0ea7fe0b5291de7eca3f697096d0a2d1ad08
source/work/unified-cache-cosim-r1/shared-l2-latest-adoption-r1/candidate/snapshot/source/work/tilegen-full-r1/core-native-copy-r2/include/per_sm_l1.h	27020	c65c7cdd1aad8f5eb54458f263b3d756b9de2d4da6c850837105a2fd156a367f
source/work/unified-cache-cosim-r1/shared-l2-latest-adoption-r1/candidate/snapshot/source/work/tilegen-full-r1/core-native-copy-r2/include/pipeline.h	3610	387d564fb07a31a897ebd615a03328bffbb452b082c86c42d5e1aae445a0d05f
source/work/unified-cache-cosim-r1/shared-l2-latest-adoption-r1/candidate/snapshot/source/work/tilegen-full-r1/core-native-copy-r2/include/requested_l1_sectors.h	1708	91633136c43a422a3de929b68d64efd70bc60ac1a407529b966e820283d0896f
source/work/unified-cache-cosim-r1/shared-l2-latest-adoption-r1/candidate/snapshot/source/work/tilegen-full-r1/core-native-copy-r2/include/retry_host_memo.h	1924	33418c9addbb05490dc1653d127ca5edfae7d2e78dbbf59135933f45ef25c182
source/work/unified-cache-cosim-r1/shared-l2-latest-adoption-r1/candidate/snapshot/source/work/tilegen-full-r1/core-native-copy-r2/include/retry_prefix.h	2524	080a2292e311242d0d31a1ad2adb9988ef3e7d7ed0e831c4d040f0a760130ecc
source/work/unified-cache-cosim-r1/shared-l2-latest-adoption-r1/candidate/snapshot/source/work/tilegen-full-r1/core-native-copy-r2/include/rtx4000_ada_profile_readiness.h	10129	0090492b9b818fb6f54775fd7482097400ffa3ca36ca0e29dae93e0c881edb12
source/work/unified-cache-cosim-r1/shared-l2-latest-adoption-r1/candidate/snapshot/source/work/tilegen-full-r1/core-native-copy-r2/include/scheduler.h	9679	bbd7dbbd0b4afe38a85e8b5e40c8e9931fd9a8a66e74dd0c576031de2e169f70
source/work/unified-cache-cosim-r1/shared-l2-latest-adoption-r1/candidate/snapshot/source/work/tilegen-full-r1/core-native-copy-r2/include/scheduler_observer.h	6814	edacc13d5f4100a41d4a4e4d971751b279e7171c9cedf1795411cf9283203b7f
source/work/unified-cache-cosim-r1/shared-l2-latest-adoption-r1/candidate/snapshot/source/work/tilegen-full-r1/core-native-copy-r2/include/sector_observer.h	3760	b77ea82709a8a18a30df98c1f4f7c0721e0031573b8771fba132fa448f5723cb
source/work/unified-cache-cosim-r1/shared-l2-latest-adoption-r1/candidate/snapshot/source/work/tilegen-full-r1/core-native-copy-r2/include/service_source.h	2624	a4bf750221c0cd588c65e4c9e1bbf0c3ca86803eed07d7480753b51e8a55c525
source/work/unified-cache-cosim-r1/shared-l2-latest-adoption-r1/candidate/snapshot/source/work/tilegen-full-r1/core-native-copy-r2/include/session_mode.h	170	2db9324c9bee66f22095ac10fee5e67a06eadef1332fc976f9d1309ad4e9a6d9
source/work/unified-cache-cosim-r1/shared-l2-latest-adoption-r1/candidate/snapshot/source/work/tilegen-full-r1/core-native-copy-r2/include/shared_cache_policy.h	3148	6f1c2da1c24de7f25826c6a18b71a355aca8c9ee028ba9739644a4ce2bd4295e
source/work/unified-cache-cosim-r1/shared-l2-latest-adoption-r1/candidate/snapshot/source/work/tilegen-full-r1/core-native-copy-r2/include/simulator.h	37426	046b4772f006c58423055c9aba0ce6e6523f651799ae7e763e7ac7188c88a281
source/work/unified-cache-cosim-r1/shared-l2-latest-adoption-r1/candidate/snapshot/source/work/tilegen-full-r1/core-native-copy-r2/include/simulator_session.h	2392	963c78fcd5d5a75f361b6014ae80ed4ea860db28893d0f9b9df78cba4ee9dbaf
source/work/unified-cache-cosim-r1/shared-l2-latest-adoption-r1/candidate/snapshot/source/work/tilegen-full-r1/core-native-copy-r2/include/sm.h	6714	62ef1392dee51ff9ce878527454b05c8c64c7d6387a12a6f7ff5f3cf4c48e460
source/work/unified-cache-cosim-r1/shared-l2-latest-adoption-r1/candidate/snapshot/source/work/tilegen-full-r1/core-native-copy-r2/include/source_metadata.h	853	a5d7976ba4ea58012da1e6158f6fcb768fb482d93ae771397ab64e36a0c285a9
source/work/unified-cache-cosim-r1/shared-l2-latest-adoption-r1/candidate/snapshot/source/work/tilegen-full-r1/core-native-copy-r2/include/source_native_summary.h	2091	4cfe93a7b4e413f3e74031efb19dcd99dbc36198db47abf27b4abf7ae2d34ceb
source/work/unified-cache-cosim-r1/shared-l2-latest-adoption-r1/candidate/snapshot/source/work/tilegen-full-r1/core-native-copy-r2/include/source_semantics.h	6176	7b2c6bd57ab0cae17804c0b97dee819181659b7249efee94b655fcea8d200bae
source/work/unified-cache-cosim-r1/shared-l2-latest-adoption-r1/candidate/snapshot/source/work/tilegen-full-r1/core-native-copy-r2/include/subpartition.h	5971	464ccfb69e3827ad1c373777bfc6fb8c18bd020f43ac1cbb7bf041e479dffe83
source/work/unified-cache-cosim-r1/shared-l2-latest-adoption-r1/candidate/snapshot/source/work/tilegen-full-r1/core-native-copy-r2/include/tma.h	389	2f3d4437b0e308f3d1d1c38b6f561f29ecbede02e99a3e066fb8159169725840
source/work/unified-cache-cosim-r1/shared-l2-latest-adoption-r1/candidate/snapshot/source/work/tilegen-full-r1/core-native-copy-r2/include/tmem.h	7913	269d6d44a860d1a9ce529d9e67503f41a6af4171d1e5f0c741d95c7bcfa970eb
source/work/unified-cache-cosim-r1/shared-l2-latest-adoption-r1/candidate/snapshot/source/work/tilegen-full-r1/core-native-copy-r2/include/writer_observer.h	10546	ec88d36d6ec4a1fed32024024d4525304891e0a5a293b3e4fb31631c007ed7e9
source/work/unified-cache-cosim-r1/shared-l2-latest-adoption-r1/candidate/snapshot/source/work/tilegen-full-r1/driver-attention-r1/model.h	12503	fd4548442cdd5ef9f55f6f054990961ae7e689f97e9f0d612a6ae612dfc4cb1c
source/work/unified-cache-cosim-r1/shared-l2-latest-adoption-r1/candidate/snapshot/source/work/tilegen-full-r1/driver-attention-r1/phase_seals.h	13127	905fe49041bfa70df4112d2330f024cb02d96034ae8314331db9732e1866b1b6
source/work/unified-cache-cosim-r1/shared-l2-latest-adoption-r1/candidate/snapshot/source/work/tilegen-full-r1/driver-gemm-p28-r2/statistics.h	1284	7644b93e31cf264ef466848f97d3f92882f3072186a3dd4b19a97b7e77bd9c2e
source/work/unified-cache-cosim-r1/shared-l2-latest-adoption-r1/candidate/snapshot/source/work/tilegen-full-r1/driver-gemm-p28-r2/streaming.cpp	22742	27f97defc3128e37514192916a82e6c8538513e952d32fd80093d3e1791c068d
source/work/unified-cache-cosim-r1/shared-l2-latest-adoption-r1/candidate/snapshot/source/work/tilegen-full-r1/driver-pooled-fusednorm-r1/a67_catalog.h	4321	dd0bdbeef224d65b2924a195a2bfebfdf2bbd24eee1169b53c6b945923c8dfc1
source/work/unified-cache-cosim-r1/shared-l2-latest-adoption-r1/candidate/snapshot/source/work/tilegen-full-r1/driver-pooled-fusednorm-r1/a67_qualified.h	1908	b001efa03d6b39ed552318741cfeaaf16067c368b9a405faaf7e83a5a9e2da43
source/work/unified-cache-cosim-r1/shared-l2-latest-adoption-r1/candidate/snapshot/source/work/tilegen-full-r1/driver-pooled-fusednorm-r1/builder.h	6604	06df72e65713545eb413385da77bcc71842ae0c3d03acf4eeee8e9034ad08631
source/work/unified-cache-cosim-r1/shared-l2-latest-adoption-r1/candidate/snapshot/source/work/tilegen-full-r1/driver-pooled-fusednorm-r1/counters.h	1818	66ccc8347bb262c13493e774ce21a95665ee74c3e7c945e07c04f0f757cbe753
source/work/unified-cache-cosim-r1/shared-l2-latest-adoption-r1/candidate/snapshot/source/work/tilegen-full-r1/driver-pooled-fusednorm-r1/family_admission.h	5915	d496e773f2ee8e6e141c7049a1f2d1ed8d472583ca3df2e1190f6097bcaf9b59
source/work/unified-cache-cosim-r1/shared-l2-latest-adoption-r1/candidate/snapshot/source/work/tilegen-full-r1/driver-pooled-fusednorm-r1/fused_admission.h	6448	6831c8ac2b120d8464054b9fd71bba41042a7acd6334d24c6d7b56d8cd56833e
source/work/unified-cache-cosim-r1/shared-l2-latest-adoption-r1/candidate/snapshot/source/work/tilegen-full-r1/driver-pooled-fusednorm-r1/fused_model_sources.h	143178	a3405bc12986a6ab5ee80883cdd1f2d8d3750e1327f04fa27a341e3bb5218382
source/work/unified-cache-cosim-r1/shared-l2-latest-adoption-r1/candidate/snapshot/source/work/tilegen-full-r1/driver-pooled-fusednorm-r1/l2_event_audit.h	2062	72860c4d4d1575e04168fce8dd226ec5c0167769b12738e91941aff063e18f99
source/work/unified-cache-cosim-r1/shared-l2-latest-adoption-r1/candidate/snapshot/source/work/tilegen-full-r1/driver-pooled-fusednorm-r1/linear31_admission.h	5840	5d5271d35caf3aa6d0fe702ca7c3706a6d6dbc1f32008aa232f67b89684d958f
source/work/unified-cache-cosim-r1/shared-l2-latest-adoption-r1/candidate/snapshot/source/work/tilegen-full-r1/driver-pooled-fusednorm-r1/native_memory_program.h	14081	9fef1c4ca114f83202b3b71eeff11ff4f2a44224bd0f78ea5460b509998cbeb4
source/work/unified-cache-cosim-r1/shared-l2-latest-adoption-r1/candidate/snapshot/source/work/tilegen-full-r1/driver-pooled-fusednorm-r1/norm_admission.h	5243	5f00d0b671064b2dc36867b8c5d1a19a106e34e8d0eb888cb64a92d8dd690dd2
source/work/unified-cache-cosim-r1/shared-l2-latest-adoption-r1/candidate/snapshot/source/work/tilegen-full-r1/driver-pooled-fusednorm-r1/norm_model_sources.h	75792	a2decb7eee381275a46808c6407ef8931003264694595bf15f10b66fce43944b
source/work/unified-cache-cosim-r1/shared-l2-latest-adoption-r1/candidate/snapshot/source/work/tilegen-full-r1/driver-pooled-fusednorm-r1/range_plan.h	2712	dcd5e11890c4b135a6fd0976f875c0b940cfb6898d1e72c20eb6bd1e2ef69350
source/work/unified-cache-cosim-r1/shared-l2-latest-adoption-r1/candidate/snapshot/source/work/tilegen-full-r1/driver-pooled-fusednorm-r1/register_program.h	10575	2feb2bfd5b30865a2d1de9e0945be187a4ce166013e41308e12ec03592569b05
source/work/unified-cache-cosim-r1/shared-l2-latest-adoption-r1/candidate/snapshot/source/work/tilegen-full-r1/driver-pooled-fusednorm-r1/semantic_hash.h	745	6c5a1aa7bfd6cd2124d3fb48802c56804b331b5933e0634d5341550c4c6ac35f
source/work/unified-cache-cosim-r1/shared-l2-latest-adoption-r1/candidate/snapshot/source/work/tilegen-full-r1/driver-pooled-fusednorm-r1/sha256.h	5279	48f2bcb813d93c1fa509cc255e4d1cea2c2a5293ebb1c68e6692f581e62d8bf8
source/work/unified-cache-cosim-r1/shared-l2-latest-adoption-r1/candidate/snapshot/source/work/tilegen-full-r1/driver-pooled-fusednorm-r1/silu_admission.h	6310	6477bc58d46e330cd41eedc2d3811d826d9e4e45aad6d728721b128f3d349562
source/work/unified-cache-cosim-r1/shared-l2-latest-adoption-r1/candidate/snapshot/source/work/tilegen-full-r1/driver-pooled-fusednorm-r1/silu_catalog.h	3405	27b7e5856218b005d2cca2434704b912e503452f677aabbf497d011a9c555da1
source/work/unified-cache-cosim-r1/shared-l2-latest-adoption-r1/candidate/snapshot/source/work/tilegen-full-r1/driver-pooled-fusednorm-r1/silu_qualified.h	1484	90479bd60318a5d333be231f32c73a5f423a830cb34861c4d045240ce49e246f
source/work/unified-cache-cosim-r1/shared-l2-latest-adoption-r1/candidate/snapshot/source/work/tilegen-full-r1/driver-pooled-fusednorm-r1/streaming.cpp	31061	484c2d959af4fa65edae0496db6df2a0d43183a9b046c0e47c224b03d1475404
source/work/unified-cache-cosim-r1/shared-l2-latest-adoption-r1/candidate/snapshot/source/work/tilegen-full-r1/driver-pooled-hash-bulk-r1/sha256.h	3627	71482a5bba470590a9727b85b65faf81bce8a6bd092cbc6741690673aa9fca72
source/work/unified-cache-cosim-r1/shared-l2-latest-adoption-r1/candidate/snapshot/source/work/tilegen-full-r1/driver-prefill-gemm-next-r1/role_profiles.h	840	677cc879b0b2d8529f8597bc451ec0ae8ebce75e6f14a1890d87b7bf493eeb9e
source/work/unified-cache-cosim-r1/shared-l2-latest-adoption-r1/candidate/snapshot/source/work/tilegen-full-r1/driver-prefill-gemm-next-r1/statistics.h	1284	7644b93e31cf264ef466848f97d3f92882f3072186a3dd4b19a97b7e77bd9c2e
source/work/unified-cache-cosim-r1/shared-l2-latest-adoption-r1/candidate/snapshot/source/work/tilegen-full-r1/driver-prefill-gemm-next-r1/streaming.cpp	24298	f23887eb33b74d82e2dde4301704103f467ad3a84231ab7699b086b0ff4a73b8
source/work/unified-cache-cosim-r1/shared-l2-latest-adoption-r1/candidate/snapshot/source/work/tilegen-full-r1/observation-output-compact-r1/compact_cycle_overlap.h	4967	300646c4f07aded8a75960a76739f309e3e1968effe7716f93cb05392e12508e
source/work/unified-cache-cosim-r1/shared-l2-latest-adoption-r1/candidate/snapshot/source/work/tilegen-full-r1/runtime-compressed-frame-r1/compressed_frame.h	5657	2e3fbd8c543ec88040f30f5c8b0614d4163d4329d68eefa1affdd19c64063c8b
source/work/unified-cache-cosim-r1/shared-l2-latest-adoption-r1/candidate/snapshot/source/work/tilegen-hbf-drain-native-r1/native_backend.h	26188	c38dd92110316b10d701203caf61ec6c7d1fc08334d47ab632365b0256935d27
source/work/unified-cache-cosim-r1/shared-l2-latest-adoption-r1/candidate/snapshot/source/work/tilegen-hybrid-cache-r1/bindings.h	10262	eaf18045a2e1fc98b57c7189f16d97317b0844653f810c12f3d9bcc542218c6b
source/work/unified-cache-cosim-r1/shared-l2-latest-adoption-r1/candidate/snapshot/source/work/tilegen-hybrid-cache-r1/prefill_binding.h	21248	ded832585cdd20155f24be39eaf5f3a584c2dc2aecf1f63fa3b54014595ce650
source/work/unified-cache-cosim-r1/shared-l2-latest-adoption-r1/candidate/snapshot/source/work/tilegen-hybrid-cache-r1/progress_summary.h	2072	acb9b7f7f57e4c8eef3a596d7b83875153b3c1c80c77346c1bb97a0aef2b3ce0
source/work/unified-cache-cosim-r1/shared-l2-latest-adoption-r1/candidate/snapshot/source/work/tilegen-hybrid-cache-r1/tiny_context.h	21490	60aaf8390d0b99f8742fc2d0325c88c1afa4084e9c182c522b0c4341ab6bf6c1
source/work/unified-cache-cosim-r1/shared-l2-latest-adoption-r1/candidate/snapshot/source/work/tilegen-hybrid-full-r1/fine_context.h	6464	a1ac94ed36f932d1b34e07bb13b823733cd98e42df68977a22e8aa8de7dad2b4
source/work/unified-cache-cosim-r1/shared-l2-latest-adoption-r1/candidate/snapshot/source/work/tilegen-hybrid-full-r1/options.h	2090	5d45e185c89a0509fd543e5000ede895c8bd72bbe30e82e0c67a1e4bdaf2db50
source/work/unified-cache-cosim-r1/shared-l2-latest-adoption-r1/candidate/snapshot/source/work/tilegen-memory-epoch-native-r1/ada_source.h	13907	5710aa9d3729a8e39a17019d8887e8eb1fb69d03369d43d8c58a770a46b2d488
source/work/unified-cache-cosim-r1/shared-l2-latest-adoption-r1/candidate/snapshot/source/work/tilegen-memory-epoch-native-r1/port.h	30379	fb191a41ba0d98f00e6d89a3ea1dc6d7400b0964def58cbdc48ace43f5811d4e
source/work/unified-cache-cosim-r1/shared-l2-latest-adoption-r1/candidate/snapshot/source/work/tilegen-memory-phase-runtime-r1/phase_plan.h	11158	772dc174beb5fa2fa1b285219647b8e401b3f7e3442ba4c4b43dac45aae48058
source/work/unified-cache-cosim-r1/shared-l2-latest-adoption-r1/candidate/snapshot/source/work/tilegen-norm-shared-r1/adapter/backend.h	23562	051de2ad41dd151115df94e466ff483c8ffec59b9b522f84c409ae1d1ef2da3e
source/work/unified-cache-cosim-r1/shared-l2-latest-adoption-r1/candidate/snapshot/source/work/tilegen-norm-shared-r1/adapter/integration.h	22884	a5fd5bff945110af9d247d790e0ca4d7ab33edb2be675ae3fa03bf6d66c53825
source/work/unified-cache-cosim-r1/shared-l2-latest-adoption-r1/candidate/snapshot/source/work/tilegen-packet-integration-r1/binding.h	7173	94b9b048bf5e461bbde052879162690d4fcc38b9e879d22e806ce4c4bfb29580
source/work/unified-cache-cosim-r1/shared-l2-latest-adoption-r1/candidate/snapshot/source/work/tilegen-packet-integration-r1/source_support.h	185	21d7858b1857b371a14c041da04f20d0dd78ebd85283a941fbb769cdd1577f10
source/work/unified-cache-cosim-r1/shared-l2-latest-adoption-r1/candidate/snapshot/source/work/tilegen-packet-runtime-r1/runtime.h	57533	3f963370f3ffae24b276ee007771a4ff7b4a519a6317ddf9db0f206d8e82118a
source/work/unified-cache-cosim-r1/shared-l2-latest-adoption-r1/candidate/snapshot/source/work/tilegen-prefill-compute-native-r1/pref_support/compiled_program.h	5155	c8906e5cc4a65cf3366ccc6366c3712a75f0f43530e5946283e317e1e61e3928
source/work/unified-cache-cosim-r1/shared-l2-latest-adoption-r1/candidate/snapshot/source/work/tilegen-prefill-compute-native-r1/pref_support/engine.h	18612	230ad3fa9cbc5a3aa587ebf68cf41abb0dc5b81cbccd95748e7092ff939bc216
source/work/unified-cache-cosim-r1/shared-l2-latest-adoption-r1/candidate/snapshot/source/work/tilegen-prefill-compute-native-r1/pref_support/selector.h	5950	e83f0a48303026afbbea44d24d0c39b96ad736d3b5edb3b41ce8eb64956f801b
source/work/unified-cache-cosim-r1/shared-l2-latest-adoption-r1/candidate/snapshot/source/work/tilegen-prefill-compute-native-r1/prefill_setup.h	10753	d5db90b38ab00f27b43fcc21a026f1187f9f4b5aeef7b40fdc9c3bcb9fa915db
source/work/unified-cache-cosim-r1/shared-l2-latest-adoption-r1/candidate/snapshot/source/work/tilegen-prefill-compute-phase-r1/runtime-recurrence-r1/resource_recurrence.h	8069	4016e5bcb7f49969db7314bd4a00247dfc04ec0d917463f65bac79af91127f8d
source/work/unified-cache-cosim-r1/shared-l2-latest-adoption-r1/candidate/snapshot/source/work/tilegen-prefill-compute-phase-r1/segment_plan.h	17868	591a0c0b47d58d86691f0b2fa9c154d98f0d8fed83d608562dcacaa9d956dc37
source/work/unified-cache-cosim-r1/shared-l2-latest-adoption-r1/candidate/snapshot/source/work/tilegen-tiny-basic-r1/gemv_binding.h	7282	89bf8767d1faad7dcefc372602426afede68d44be4baf4e6869e198708aed6c2
source/work/unified-cache-cosim-r1/shared-l2-latest-adoption-r1/candidate/snapshot/source/work/tilegen-tiny-basic-r1/silu_binding.h	8761	bf6cb9ea4c26796a136cdf149f8d607d220d84b65608e5cf67db9a7df98e0c72
source/work/unified-cache-cosim-r1/shared-l2-latest-adoption-r1/candidate/snapshot/source/work/tilegen-tiny-full-r1/import.h	6667	08deb8be5e3b673ac0f6ea141596aa9f84aa6d1fda4139b55bb9895416048301
source/work/unified-cache-cosim-r1/shared-l2-latest-adoption-r1/candidate/snapshot/source/work/tilegen-tiny-full-r1/prefill_seals.h	1980	d1f50413e8d1e6efb77045da946471a1272ab67b2b13b4313ba6a16233a25fe6
source/work/unified-cache-cosim-r1/shared-l2-latest-adoption-r1/candidate/snapshot/source/work/tilegen-tiny-full-r1/prefill_support.h	175	f9aa47f59a9359ab7ed7823b5d377f20b394b4b5f4b8b014e964294d99fd2700
source/work/unified-cache-cosim-r1/shared-l2-latest-adoption-r1/candidate/snapshot/source/work/tilegen-tiny-full-r1/reporting.h	4485	d8b6c7613fd4da02cf99b8873574edb7e75edbb664d729388ada46661912ef96
source/work/unified-cache-cosim-r1/shared-l2-latest-adoption-r1/candidate/snapshot/source/work/tilegen-tiny-full-r1/source.h	1878	6f9e19a86707038ce3ae9146f785c670bb121b20227cf3f4c5367c28ef3ffc1b
source/work/unified-cache-cosim-r1/shared-l2-latest-adoption-r1/candidate/snapshot/source/work/tilegen-tiny-norm-r1/norm_binding.h	10322	e8749999774c6946026c9842b71b93b8e499721470c4950a99b2c2f444806f27
source/work/unified-cache-cosim-r1/shared-l2-latest-adoption-r1/candidate/snapshot/source/work/tilegen-tiny-rotary-r1/rotary_binding.h	9881	a316f4e594a8c4e305995ea4b96b5712ee3ee6e21f18befd587df8c64ae560d3
